name	file	zoom	face_y	headroom_ratio	crown_suspect	fallback
丁儀	f404758f85eaac13.png	2.1	0.37	0.33	True	False
丁原	a0855dbd3d92793a.png	2.1	0.37	0.34	True	False
丁固	37c09d2bdccb74f2.png	2.1	0.37	0.26	True	False
丁奉	0d342b83ce837e24.png	2.1	0.37	0.36	True	False
丁封	ffb07293f7d70aad.png	2.1	0.37	0.33	True	False
丁斐	38e8c1e03c5a3251.png	2.1	0.37	0.33	True	False
万彧	8c4d4b64d8ea741e.png	2.1	0.37	0.37	True	False
上官子脩	2037b3c168afa7b7.png	2.1	0.37	0.43	True	False
丘力居	f398b8cd1c14affb.png	2.1	0.37	0.35	True	False
丘建	ddd830ccf82a3ab2.png	2.1	0.37	0.26	True	False
丘本	bbed3c93e4f4edf2.png	2.1	0.37	0.32	True	False
于毒	29188a2f273ce5e2.png	2.1	0.37	0.28	True	False
于禁	4aaddc423b443883.png	2.1	0.37	0.35	True	False
于糜	c0eb81c3773b3e2d.png	2.1	0.37	0.38	True	False
于詮	59b4642a81ccce13.png	2.1	0.37	0.29	True	False
令狐愚	7eb4533f7776a3b0.png	2.1	0.37	0.29	True	False
仲長統	7a8122cbdd20a7e0.png	2.1	0.37	0.57	True	False
任峻	f0311f224ee13863.png	2.1	0.37	0.41	True	False
伊籍	ef65c4d4651bb01a.png	2.1	0.37	0.28	True	False
伍孚	35a71e0576b5dcf7.png	2.1	0.37	0.23	True	False
伍延	9726a4b1ebeb81f1.png	2.1	0.37	0.35	True	False
伍習	3ffa8e34cc2b65de.png	2.1	0.37	0.36	True	False
何儀	35b4ed1530621b53.png	2.1	0.37	0.40	True	False
何宗	cf08857509dba1d7.png	2.1	0.37	0.26	True	False
何晏	7321ffeb8a00d25b.png	2.1	0.37	0.31	True	False
何曾	ec30ddaea30469bc.png	2.1	0.37	0.47	True	False
何植	090d4c34dac6d16f.png	2.1	0.37	0.35	True	False
何楨	0b488be79e370afc.png	2.1	0.37	0.29	True	False
何氏	12e32d44b2c7cb47.png	2.1	0.37	0.40	True	False
何苗	91f48e5f4ea8d778.png	2.1	0.37	0.30	True	False
何進	e06b17d336e14054.png	2.1	0.37	0.40	True	False
侯成	6a69b4d17e7da453.png	2.1	0.37	0.34	True	False
侯氏	7500b14971319d88.png	2.1	0.37	0.29	True	False
侯選	7b2ffe34c3f571b1.png	2.1	0.37	0.40	True	False
侯音	f369ba2fdb6b6a3d.png	2.1	0.37	0.36	True	False
俄何焼戈	f8bf148aa31d4c67.png	2.1	0.37	0.46	True	False
倉慈	c69889f388b435c8.png	2.1	0.37	0.29	True	False
倫直	448cc195aa79e419.png	2.1	0.37	0.33	True	False
傅僉	0ee33f9236b44019.png	2.1	0.37	0.42	True	False
傅嘏	1b481d08fd8fb242.png	2.1	0.37	0.31	True	False
傅士仁	f19da3e1fa61e8e6.png	2.1	0.37	0.40	True	False
傅嬰	a47c4388bfa54317.png	2.1	0.37	0.25	True	False
傅巽	134171f8d09b00bf.png	2.1	0.37	0.38	True	False
傅幹	72ff4b679f598863.png	2.1	0.37	0.33	True	False
傅彤	005dd22442f57acb.png	2.1	0.37	0.42	True	False
兀突骨	563237e8083a7989.png	2.1	0.37	0.45	True	False
党均	ab7514a8cbbc414b.png	2.1	0.37	0.42	True	False
全尚	69759625303b47af.png	2.1	0.37	0.36	True	False
全懌	4878401efccfca05.png	2.1	0.37	0.40	True	False
全柔	9ab6c1c0e7c65dcf.png	2.1	0.37	0.32	True	False
全琮	63e18720f80decde.png	2.1	0.37	0.22	True	False
全禕	db423596f2b678ff.png	2.1	0.37	0.39	True	False
全端	8fba5eab110c42a9.png	2.1	0.37	0.38	True	False
全紀	d5d7db3cfa30561a.png	2.1	0.37	0.30	True	False
兪渉	e172d4f18eedacf5.png	2.1	0.37	0.36	True	False
公孫度	7a879cc3299f15c8.png	2.1	0.37	0.38	True	False
公孫康	783fb595ef7451a9.png	2.1	0.37	0.28	True	False
公孫恭	0f7f443e60d58378.png	2.1	0.37	0.44	True	False
公孫晃	3217e8cfd243e693.png	2.1	0.37	0.43	True	False
公孫淵	79e835f62cac2adb.png	2.1	0.37	0.39	True	False
公孫瓚	34ccbacae6b03f75.png	2.1	0.37	0.40	True	False
公孫範	f49b9be03b98622c.png	2.1	0.37	0.31	True	False
公孫続	764610ca28a048a4.png	2.1	0.37	0.25	True	False
公孫越	57981738e4aec7d5.png	2.1	0.37	0.36	True	False
典満	9485c188ba898ca9.png	2.1	0.37	0.40	True	False
典韋	ecacd4dd20c5e151.png	2.1	0.37	0.40	True	False
冷苞	8bff7fa24d26cb30.png	2.1	0.37	0.35	True	False
凌操	74da7275a6b5e6d8.png	2.1	0.37	0.43	True	False
凌統	327d0b5f1f929aec.png	2.1	0.37	0.34	True	False
劉丞	bd0cad0e484fa8c9.png	2.1	0.37	0.39	True	False
劉備	34edb0d381d0b562.png	2.1	0.37	0.33	True	False
劉先	a957da6c6f0a774d.png	2.1	0.37	0.37	True	False
劉冑	bd964469aefd0ed4.png	2.1	0.37	0.33	True	False
劉劭	1afd2857f28dd87f.png	2.1	0.37	0.31	True	False
劉勳	ac69c8384e501a4c.png	2.1	0.37	0.38	True	False
劉和	0ec08218582287b9.png	2.1	0.37	0.32	True	False
劉基	81d121b6c47ccdbf.png	2.1	0.37	0.28	True	False
劉封	529f0ff053073773.png	2.1	0.37	0.23	True	False
劉岱	1de35ffd9f5c8cee.png	2.1	0.37	0.27	True	False
劉巴	fad72cb5b20b7cba.png	2.1	0.37	0.52	True	False
劉度	a79219b463838001.png	2.1	0.37	0.40	True	False
劉延	36db00f061cfe330.png	2.1	0.37	0.33	True	False
劉循	80a1d3a494365ab0.png	2.1	0.37	0.36	True	False
劉放	4708a4c98827a412.png	2.1	0.37	0.28	True	False
劉敏	5c91ee30b117f39d.png	2.1	0.37	0.33	True	False
劉曄	ffb2d054cf46d492.png	2.1	0.37	0.36	True	False
劉氏	a8c6086e0507dfd7.png	2.1	0.37	0.43	True	False
劉永	0c3069a07442b831.png	2.1	0.37	0.30	True	False
劉焉	62cc924afc2bfcc8.png	2.1	0.37	0.35	True	False
劉理	c2021686059cc629.png	2.1	0.37	0.31	True	False
劉琦	771ac9dff888bb7c.png	2.1	0.37	0.31	True	False
劉琮	1534a3dfd8827153.png	2.1	0.37	0.34	True	False
劉瑁	6162c7a2a2cd17e2.png	2.1	0.37	0.28	True	False
劉璋	44f14eff4ec6be57.png	2.1	0.37	0.32	True	False
劉璝	fac5e697e58c235f.png	2.1	0.37	0.49	True	False
劉璿	ef3753137688f43e.png	2.1	0.37	0.23	True	False
劉磐	01b50fc025c8fc1d.png	2.1	0.37	0.36	True	False
劉禅	415f1d39826de89e.png	2.1	0.37	0.33	True	False
劉繇	655205cc5c635a6c.png	2.1	0.37	0.33	True	False
劉虞	f369820cb09fa876.png	2.1	0.37	0.34	True	False
劉表	0ab6241e44598d4e.png	2.1	0.37	0.29	True	False
劉諶	48fad5f589f3aa43.png	2.1	0.37	0.28	True	False
劉豹	a20cad962c86e4a8.png	2.1	0.37	0.38	True	False
劉賢	6ba4a35bf2aaabc8.png	2.1	0.37	0.37	True	False
劉辟	0d77c2331c8e75fa.png	2.1	0.37	0.38	True	False
劉靖	3f9ea1f989154c1f.png	2.1	0.37	0.34	True	False
劉馥	7ca500c9ede37513.png	2.1	0.37	0.36	True	False
区星	979b615da241e318.png	2.1	0.37	0.44	True	False
千万	a1619eb3afab671f.png	2.1	0.37	0.45	True	False
卑衍	5b56cf8ccec4dc73.png	2.1	0.37	0.37	True	False
卓膺	d5bc83b2b2cd34d9.png	2.1	0.37	0.51	True	False
単経	c249aff2ece984f8.png	2.1	0.37	0.31	True	False
卞喜	c81a0ad9f5cc724a.png	2.1	0.37	0.30	True	False
卞氏	fd070718a1e9742c.png	2.1	0.37	0.36	True	False
厳政	7e74adbe60e3ef22.png	2.1	0.37	0.43	True	False
厳氏	b5af653d4b95757f.png	2.1	0.37	0.33	True	False
厳畯	b65fbd132b2cd4a0.png	2.1	0.37	0.32	True	False
厳白虎	aadf07121fe8dfb9.png	2.1	0.37	0.29	True	False
厳綱	d0e97eb37b4771a5.png	2.1	0.37	0.34	True	False
厳輿	045ae578d8c76d21.png	2.1	0.37	0.37	True	False
厳顔	47ec9cbed35dacd1.png	2.1	0.37	0.49	True	False
句安	9bb9148d4ff49717.png	2.1	0.37	0.36	True	False
句扶	ec4f75ca78cadba4.png	2.1	0.37	0.33	True	False
史渙	80b30618b21d6982.png	2.1	0.37	0.36	True	False
史蹟	7f1af1481e4f700f.png	2.1	0.37	0.31	True	False
司馬伷	29c5e184a59566e3.png	2.1	0.37	0.32	True	False
司馬孚	2eea39c9466fe42d.png	2.1	0.37	0.35	True	False
司馬師	efdcfc6f7a2e6a48.png	2.1	0.37	0.30	True	False
司馬懿	46b35a9979ebbe19.png	2.1	0.37	0.44	True	False
司馬攸	a9827249e5eaf496.png	2.1	0.37	0.29	True	False
司馬昭	d08d17dfb89c5588.png	2.1	0.37	0.32	True	False
司馬朗	8d143bee48ec3b53.png	2.1	0.37	0.42	True	False
司馬望	ae75dc8dc80521d6.png	2.1	0.37	0.39	True	False
司馬炎	d3d6e2494830b6d8.png	2.1	0.37	0.42	True	False
司馬芝	7f70b57b0b21b2f3.png	2.1	0.37	0.43	True	False
向寵	56a051252da46535.png	2.1	0.37	0.37	True	False
向朗	4f4b3fe4d746a879.png	2.1	0.37	0.38	True	False
吾彦	f90796780c1f3c48.png	2.1	0.37	0.37	True	False
吾粲	e6df090c2d3f8f5c.png	2.1	0.37	0.35	True	False
呂乂	58cc3ec704cbd95e.png	2.1	0.37	0.29	True	False
呂公	7ee5e44a572ec6c0.png	2.1	0.37	0.38	True	False
呂凱	7297ca11fb8db4cc.png	2.1	0.37	0.30	True	False
呂壱	096cf76240e3570e.png	2.1	0.37	0.44	True	False
呂威璜	7478bdc8fcd9c415.png	2.1	0.37	0.46	True	False
呂岱	dd642b4d53f9dde9.png	2.1	0.37	0.36	True	False
呂布	592a471bcf2ac874.png	2.1	0.37	0.31	True	False
呂建	7d98f24921bee848.png	2.1	0.37	0.55	True	False
呂拠	9515e89cc471f121.png	2.1	0.37	0.41	True	False
呂曠	94d2c63405420959.png	2.1	0.37	0.36	True	False
呂玲綺	dbb5ad474d4d2c4f.png	2.1	0.37	0.35	True	False
呂範	f307ef0786c3f61e.png	2.1	0.37	0.33	True	False
呂翔	7979edef17945553.png	2.1	0.37	0.32	True	False
呂蒙	6e931ee80feef448.png	2.1	0.37	0.31	True	False
呂虔	63e8de424bf28cfb.png	2.1	0.37	0.32	True	False
呉匡	150a3aa419dfac8d.png	2.1	0.37	0.43	True	False
呉国太	1beaeea9bf271cdf.png	2.1	0.37	0.33	True	False
呉巨	59f78929507e0dd8.png	2.1	0.37	0.30	True	False
呉懿	44bf1ccbe835dbbe.png	2.1	0.37	0.39	True	False
呉敦	b7f074705560d4c6.png	2.1	0.37	0.46	True	False
呉景	b45ab59bd65f5a94.png	2.1	0.37	0.37	True	False
呉班	44c32da689b7cde9.png	2.1	0.37	0.42	True	False
呉範	a62c917b00b6c9de.png	2.1	0.37	0.37	True	False
呉綱	f2a9f4ac63fec72f.png	2.1	0.37	0.38	True	False
呉蘭	f939fced6699ac6b.png	2.1	0.37	0.45	True	False
呉質	4fa77923b5783449.png	2.1	0.37	0.33	True	False
周倉	c8a204cbdcf1b922.png	2.1	0.37	0.36	True	False
周喁	3e302ac616c5625d.png	2.1	0.37	0.30	True	False
周善	c9ff23e3f7f57f46.png	2.1	0.37	0.38	True	False
周旨	f90030f4f0458c8a.png	2.1	0.37	0.31	True	False
周昂	97e9ab9c9787115e.png	2.1	0.37	0.39	True	False
周昕	a4a6fb10b099dc2c.png	2.1	0.37	0.34	True	False
周朝	a8f3183d7c4a48fd.png	2.1	0.37	0.42	True	False
周泰	a46dca54cbd92833.png	2.1	0.37	0.38	True	False
周瑜	f8c433bb613dcc9b.png	2.1	0.37	0.27	True	False
周羣	28551f3782fe9789.png	2.1	0.37	0.38	True	False
周胤	c9995361f200b151.png	2.1	0.37	0.41	True	False
周邵	33eb06b1150f36e9.png	2.1	0.37	0.32	True	False
周魴	b543e3b1c6872ae2.png	2.1	0.37	0.24	True	False
呼廚泉	ca1bc7fca7d100ca.png	2.1	0.37	0.40	True	False
唐咨	96619bfd850e556b.png	2.1	0.37	0.36	True	False
唐彬	564841af6b45c2b1.png	2.1	0.37	0.32	True	False
国淵	10852385bf124961.png	2.1	0.37	0.33	True	False
土安	be0f754fc4fa19c7.png	2.1	0.37	0.37	True	False
士匡	f89fcade5974a2e2.png	2.1	0.37	0.31	True	False
士壱	11cb4d0a15a82783.png	2.1	0.37	0.31	True	False
士孫瑞	3ac02c7ece4ca51a.png	2.1	0.37	0.33	True	False
士廞	941c45191f30b340.png	2.1	0.37	0.31	True	False
士徽	577522823471689b.png	2.1	0.37	0.35	True	False
士武	7a46c170b95dc131.png	2.1	0.37	0.33	True	False
士燮	42b0c638e586ed80.png	2.1	0.37	0.35	True	False
士祗	4af04f7cc23151f1.png	2.1	0.37	0.31	True	False
夏侯令女	ac18ef3709e0eaad.png	2.1	0.37	0.32	True	False
夏侯儒	fbb193caad301e8e.png	2.1	0.37	0.39	True	False
夏侯和	5cbeae315988a095.png	2.1	0.37	0.44	True	False
夏侯威	df40cd00ac68b377.png	2.1	0.37	0.30	True	False
夏侯尚	29598e9191aa5a8b.png	2.1	0.37	0.34	True	False
夏侯徳	b3d733f04bc5cd45.png	2.1	0.37	0.36	True	False
夏侯恩	748de57dfb1342e8.png	2.1	0.37	0.37	True	False
夏侯恵	6ee5ab90e4f4c034.png	2.1	0.37	0.33	True	False
夏侯惇	1664f65f8c536c5f.png	2.1	0.37	0.34	True	False
夏侯栄	89aff3b20bbc0149.png	2.1	0.37	0.34	True	False
夏侯楙	6bbb28fc6c97567d.png	2.1	0.37	0.22	True	False
夏侯氏	a269c91bd3538f32.png	2.1	0.37	0.36	True	False
夏侯淵	7f2907fbb18beeec.png	2.1	0.37	0.43	True	False
夏侯献	b5008a8edc50223e.png	2.1	0.37	0.34	True	False
夏侯玄	e14c0b5075de49d1.png	2.1	0.37	0.32	True	False
夏侯蘭	c9a5dce596fbf2da.png	2.1	0.37	0.31	True	False
夏侯覇	046bb3817168746e.png	2.1	0.37	0.33	True	False
大喬	9be1be81961374ae.png	2.1	0.37	0.29	True	False
太史享	c8c641abe4537424.png	2.1	0.37	0.32	True	False
太史慈	f25861933e510148.png	2.1	0.37	0.34	True	False
奚泥	3f10ba9b2d86f7fe.png	2.1	0.37	0.31	True	False
姚伷	73eb1a46aea15f10.png	2.1	0.37	0.36	True	False
姜叙	0bee37e8af0fcc31.png	2.1	0.37	0.40	True	False
姜維	8e23e6900eedab95.png	2.1	0.37	0.33	True	False
婁圭	aae5af3c632b426c.png	2.1	0.37	0.33	True	False
媯覽	2b3e8603a7ede938.png	2.1	0.37	0.38	True	False
孔伷	6f6ab57040a67cb5.png	2.1	0.37	0.37	True	False
孔融	f4a6626dcde95135.png	2.1	0.37	0.39	True	False
孟優	a0aa7257951c6bed.png	2.1	0.37	0.33	True	False
孟光	f4e54102c88a97e6.png	2.1	0.37	0.23	True	False
孟宗	a43fb97f6117e030.png	2.1	0.37	0.38	True	False
孟建	26a7113c4619c214.png	2.1	0.37	0.32	True	False
孟獲	e8eff7a45a792912.png	2.1	0.37	0.47	True	False
孟達	3090f7a250dd8eed.png	2.1	0.37	0.38	True	False
季雍	4f1964bed018e54c.png	2.1	0.37	0.32	True	False
孫乾	4722859c49596b43.png	2.1	0.37	0.38	True	False
孫亮	a570cef8cfe2a40c.png	2.1	0.37	0.28	True	False
孫仲	fa891867b9834cbe.png	2.1	0.37	0.42	True	False
孫休	85197d230b255db6.png	2.1	0.37	0.34	True	False
孫冀	bbb05ba15e6fe967.png	2.1	0.37	0.37	True	False
孫匡	d79af069f86e5ab3.png	2.1	0.37	0.33	True	False
孫和	906f3551dacc6ffc.png	2.1	0.37	0.34	True	False
孫堅	554eac23def5d72b.png	2.1	0.37	0.31	True	False
孫壱	f9c2dfb29d3dc82b.png	2.1	0.37	0.41	True	False
孫奐	6935210dca3f9114.png	2.1	0.37	0.40	True	False
孫奮	40973e863f732094.png	2.1	0.37	0.32	True	False
孫尚香	e52fbf1a5046e3ef.png	2.1	0.37	0.30	True	False
孫峻	7e1f2f629d8883ed.png	2.1	0.37	0.30	True	False
孫弘	a7fb63832551b67e.png	2.1	0.37	0.30	True	False
孫慮	ef169917d67db899.png	2.1	0.37	0.32	True	False
孫晧	a4efb9acb78496bd.png	2.1	0.37	0.36	True	False
孫朗	06f9987acc516cb9.png	2.1	0.37	0.30	True	False
孫松	5c63e1aaf5b916b1.png	2.1	0.37	0.33	True	False
孫桓	0429aafc0c7be6fe.png	2.1	0.37	0.40	True	False
孫権	784d2d8fb974f693.png	2.1	0.37	0.33	True	False
孫歆	9edd807f0a9af5a8.png	2.1	0.37	0.28	True	False
孫氏	d09aab87b522bd88.png	2.1	0.37	0.37	True	False
孫河	86c16b8c14a78afc.png	2.1	0.37	0.51	True	False
孫瑜	439ec218498fc1ed.png	2.1	0.37	0.37	True	False
孫異	bb64085eb656e07f.png	2.1	0.37	0.20	True	False
孫登	dc48b45cb593d06d.png	2.1	0.37	0.29	True	False
孫皎	b89660dafa3b5a86.png	2.1	0.37	0.29	True	False
孫礼	7f2eb0beb47969b2.png	2.1	0.37	0.34	True	False
孫秀	c582a78ccc3d66b0.png	2.1	0.37	0.50	True	False
孫策	dd360228aa56b803.png	2.1	0.37	0.39	True	False
孫綝	7c969c1fa13ddb89.png	2.1	0.37	0.42	True	False
孫翊	7d9c43b7cce0f904.png	2.1	0.37	0.30	True	False
孫覇	db63353d9e68b0cc.png	2.1	0.37	0.32	True	False
孫観	b2af67ff5f17f667.png	2.1	0.37	0.33	True	False
孫賁	e962ff3ea3b0318e.png	2.1	0.37	0.24	True	False
孫資	d89f6b5df18cf3d0.png	2.1	0.37	0.31	True	False
孫輔	2967b81fe1d8ee07.png	2.1	0.37	0.32	True	False
孫邵	29bb3a88e8bf0c0c.png	2.1	0.37	0.34	True	False
孫震	bdfc62fca1e680ba.png	2.1	0.37	0.23	True	False
孫静	b6a4e249faf1c436.png	2.1	0.37	0.40	True	False
孫韶	cfcffe4fb6317a00.png	2.1	0.37	0.31	True	False
孫魯班	1420df46ea9bf18b.png	2.1	0.37	0.44	True	False
孫魯育	8b929ca8869d774b.png	2.1	0.37	0.33	True	False
宋忠	e4503df23aa571ea.png	2.1	0.37	0.24	True	False
宋憲	2877046dcb507e6d.png	2.1	0.37	0.44	True	False
宋謙	25fc69368194da4c.png	2.1	0.37	0.38	True	False
宗預	f2e3575157e93ccd.png	2.1	0.37	0.33	True	False
審栄	8a5ddc0e0869899f.png	2.1	0.37	0.34	True	False
審配	9f4d25646cd8e398.png	2.1	0.37	0.40	True	False
射堅	a67f20fae6892cae.png	2.1	0.37	0.35	True	False
射援	93210fecbde3984d.png	2.1	0.37	0.36	True	False
小喬	7c252177f2c10138.png	2.1	0.37	0.34	True	False
尤突	cf5735014c417698.png	2.1	0.37	0.35	True	False
尹大目	7fd1981c238d8e9d.png	2.1	0.37	0.43	True	False
尹楷	7c719ef863b9abb9.png	2.1	0.37	0.36	True	False
尹礼	49efa42e7ee40bfc.png	2.1	0.37	0.43	True	False
尹賞	51a450834f6d7daf.png	2.1	0.37	0.36	True	False
尹黙	00e72fc37dee0f1f.png	2.1	0.37	0.28	True	False
岑威	6b47579fa868d328.png	2.1	0.37	0.25	True	False
岑昏	3821daa4ae77c002.png	2.1	0.37	0.32	True	False
崔勇	773cff6a49b3a2a8.png	2.1	0.37	0.42	True	False
崔州平	d7c6c54560a98e82.png	2.1	0.37	0.28	True	False
崔林	cef1dad8825d8712.png	2.1	0.37	0.29	True	False
崔氏	217239ff2e3c98b3.png	2.1	0.37	0.24	True	False
崔琰	ce144648804fbfd4.png	2.1	0.37	0.41	True	False
嵆康	ab9043e70fed2aac.png	2.1	0.37	0.32	True	False
州泰	afe08e4f7ffa1aed.png	2.1	0.37	0.35	True	False
左奕	d529262eb79a6f98.png	2.1	0.37	0.41	True	False
左霊	4c3e4ad2bdeae574.png	2.1	0.37	0.37	True	False
師纂	5b3896990dafc89a.png	2.1	0.37	0.29	True	False
帯来洞主	6dab30c5afc0f4a6.png	2.1	0.37	0.32	True	False
常林	481c7552b25ed264.png	2.1	0.37	0.38	True	False
廖化	b61610f5366bc93a.png	2.1	0.37	0.45	True	False
廖立	583fb88f6bafd1db.png	2.1	0.37	0.32	True	False
張任	57770662f6186a42.png	2.1	0.37	0.35	True	False
張休	302ccdda804d341b.png	2.1	0.37	0.39	True	False
張允	4005841a9c663d5c.png	2.1	0.37	0.38	True	False
張先	9298395d75ace7cb.png	2.1	0.37	0.47	True	False
張勳	724d5c7fef57489c.png	2.1	0.37	0.40	True	False
張南	caec78e26739d175.png	2.1	0.37	0.34	True	False
張南	472b2c9865ab231d.png	2.1	0.37	0.37	True	False
張宝	623d76d003399d91.png	2.1	0.37	0.43	True	False
張嶷	7b70663a0a5966e3.png	2.1	0.37	0.29	True	False
張布	7b5d639ab71af96a.png	2.1	0.37	0.31	True	False
張悌	6d7067a6829c2370.png	2.1	0.37	0.35	True	False
張承	6a5fb24e6c6b04e7.png	2.1	0.37	0.29	True	False
張承	341296521756627e.png	2.1	0.37	0.31	True	False
張挙	2ec611bf53b69bdf.png	2.1	0.37	0.34	True	False
張既	8f5f6531bec62eca.png	2.1	0.37	0.35	True	False
張昌蒲	7b76b61ebc3031eb.png	2.1	0.37	0.30	True	False
張春華	90754240cd28471d.png	2.1	0.37	0.34	True	False
張昭	7028e053a86fddf0.png	2.1	0.37	0.34	True	False
張曼成	5815b6b3f7bdfbf5.png	2.1	0.37	0.37	True	False
張松	c36b179b258e83a1.png	2.1	0.37	0.25	True	False
張梁	54c86b8358e65988.png	2.1	0.37	0.40	True	False
張楊	becb8af8d7f8b226.png	2.1	0.37	0.36	True	False
張横	1a752d6ff7e57080.png	2.1	0.37	0.37	True	False
張氏	cacc59a9983c6cae.png	2.1	0.37	0.41	True	False
張泉	172d7803276cc95e.png	2.1	0.37	0.27	True	False
張済	0731f662867b470e.png	2.1	0.37	0.44	True	False
張温	77d16e3fe4e5cba3.png	2.1	0.37	0.36	True	False
張燕	1fe7173694bc81bd.png	2.1	0.37	0.40	True	False
張特	306b39959e2d2df9.png	2.1	0.37	0.38	True	False
張球	ca5c07dfc6d5d7b0.png	2.1	0.37	0.33	True	False
張琰	59e6095cf2ff0e0b.png	2.1	0.37	0.31	True	False
張範	9aea7d501374319e.png	2.1	0.37	0.27	True	False
張粛	4f8d7c08b22ee66f.png	2.1	0.37	0.40	True	False
張純	966318a66d493b40.png	2.1	0.37	0.36	True	False
張紘	ca65b9fe2c7092f5.png	2.1	0.37	0.38	True	False
張紹	cbe1a87150174ab3.png	2.1	0.37	0.33	True	False
張緝	69e9a6a899a0c8ff.png	2.1	0.37	0.43	True	False
張繍	fc38b3ce85fa4236.png	2.1	0.37	0.31	True	False
張羨	50ebc9a6d2d78753.png	2.1	0.37	0.30	True	False
張翼	756823673a8a8385.png	2.1	0.37	0.28	True	False
張苞	17e9e74e8108ff3b.png	2.1	0.37	0.31	True	False
張英	0afb3f9e0f2b353c.png	2.1	0.37	0.37	True	False
張華	e5a9e6df43963357.png	2.1	0.37	0.37	True	False
張著	9b943320ac5da3dc.png	2.1	0.37	0.37	True	False
張虎	ad8bd4df0c5952dc.png	2.1	0.37	0.41	True	False
張衛	a8b1d379e3ef6176.png	2.1	0.37	0.33	True	False
張裔	1607a185e829a6b6.png	2.1	0.37	0.38	True	False
張角	bd092f78cd2a274f.png	2.1	0.37	0.36	True	False
張超	fab363db939cc1bd.png	2.1	0.37	0.31	True	False
張達	7d92829d4bdae226.png	2.1	0.37	0.41	True	False
張遵	3afbb9686d55c7b8.png	2.1	0.37	0.26	True	False
張遼	b59e678f455bbcb5.png	2.1	0.37	0.40	True	False
張邈	a3de0dc167264572.png	2.1	0.37	0.38	True	False
張郃	4046c2393ba07124.png	2.1	0.37	0.42	True	False
張闓	bba62a73ef4b3e08.png	2.1	0.37	0.42	True	False
張顗	8bb6d0524bc05370.png	2.1	0.37	0.40	True	False
張飛	be476e31b56edb06.png	2.1	0.37	0.43	True	False
張魯	36c9c3c4d69f305f.png	2.1	0.37	0.51	True	False
強端	434a9098b19e1d31.png	2.1	0.37	0.42	True	False
徐商	cf633b010b873bca.png	2.1	0.37	0.42	True	False
徐奕	11dbd4e9fea58089.png	2.1	0.37	0.25	True	False
徐宣	359ba91b1011e96f.png	2.1	0.37	0.37	True	False
徐庶	2c0bc51c95b33420.png	2.1	0.37	0.32	True	False
徐晃	f639f0ab55c1bd33.png	2.1	0.37	0.25	True	False
徐栄	767fc41be1968120.png	2.1	0.37	0.27	True	False
徐氏	0c1b5a21b81181de.png	2.1	0.37	0.27	True	False
徐琨	335a5ca2959dea7b.png	2.1	0.37	0.37	True	False
徐璆	b1bbe0daf288a186.png	2.1	0.37	0.35	True	False
徐盛	8784735b02ef07dc.png	2.1	0.37	0.38	True	False
徐詳	75585565b1b66201.png	2.1	0.37	0.30	True	False
徐質	7fb213e84056524c.png	2.1	0.37	0.33	True	False
徐邈	ceaefbc819331f2d.png	2.1	0.37	0.48	True	False
徹里吉	40cf00df40fb36c9.png	2.1	0.37	0.35	True	False
忙牙長	a4dd583ae3555a91.png	2.1	0.37	0.54	True	False
応劭	d705499c3e4fc30a.png	2.1	0.37	0.30	True	False
恵衢	0a3110bc47aeee7b.png	2.1	0.37	0.46	True	False
成公英	094d1a1de4c70ab6.png	2.1	0.37	0.48	True	False
成宜	7517155d61a0024d.png	2.1	0.37	0.38	True	False
成廉	c51575c32d949888.png	2.1	0.37	0.29	True	False
戯志才	f8d6af3178bba404.png	2.1	0.37	0.34	True	False
戴員	f9798697daa911fa.png	2.1	0.37	0.33	True	False
戴陵	5c0e8c53dfb026c0.png	2.1	0.37	0.42	True	False
文則	e9c8065132c8b22f.png	2.1	0.37	0.40	True	False
文欽	02cdc7f647b4ce66.png	2.1	0.37	0.40	True	False
文聘	75bbc408c1230b61.png	2.1	0.37	0.39	True	False
文虎	b03a082208817dd7.png	2.1	0.37	0.41	True	False
文醜	b2ee2c62e30489d0.png	2.1	0.37	0.39	True	False
文鴦	58a62df5385e9052.png	2.1	0.37	0.32	True	False
方悦	8eff1fcc39ad639e.png	2.1	0.37	0.27	True	False
於夫羅	578c46991ae1720b.png	2.1	0.37	0.32	True	False
施朔	9e4e0458de4bb9f1.png	2.1	0.37	0.32	True	False
昌豨	7203ba0041943c26.png	2.1	0.37	0.64	False	False
是儀	6a87a491c5d4a250.png	2.1	0.37	0.30	True	False
曹丕	c8a3bae6845642ee.png	2.1	0.37	0.37	True	False
曹仁	f97cbc19f4e1b257.png	2.1	0.37	0.36	True	False
曹休	728eccd3aa607c15.png	2.1	0.37	0.32	True	False
曹叡	1f50b92515691323.png	2.1	0.37	0.16	True	False
曹奐	f146567e0fdb61cc.png	2.1	0.37	0.45	True	False
曹宇	2e90e8e957041b30.png	2.1	0.37	0.31	True	False
曹安民	7860796c365191e4.png	2.1	0.37	0.54	True	False
曹彪	2360888cd3b63db8.png	2.1	0.37	0.31	True	False
曹彰	16daa10fb3a7f465.png	2.1	0.37	0.44	True	False
曹性	61812f7004361107.png	2.1	0.37	0.36	True	False
曹憲	d74f62170b9b880d.png	2.1	0.37	0.33	True	False
曹操	d8c1e4790eec2415.png	2.1	0.37	0.40	True	False
曹昂	b6d1a38813538a75.png	2.1	0.37	0.39	True	False
曹植	24aadf2c1cbb9b40.png	2.1	0.37	0.49	True	False
曹沖	20f737f2362f6a8e.png	2.1	0.37	0.33	True	False
曹洪	6d2920a15c3c5179.png	2.1	0.37	0.37	True	False
曹熊	b133069c505bf5dd.png	2.1	0.37	0.27	True	False
曹爽	0ff7e325e5cb0788.png	2.1	0.37	0.46	True	False
曹真	5c265faa3aad8b67.png	2.1	0.37	0.33	True	False
曹節	4e18740b6b1cc2a0.png	2.1	0.37	0.42	True	False
曹純	426bb1ae5d65e3b7.png	2.1	0.37	0.38	True	False
曹羲	e9f2b673b47e47ab.png	2.1	0.37	0.33	True	False
曹芳	1b5fdbb67e4a024a.png	2.1	0.37	0.31	True	False
曹華	c6a7698075ed7feb.png	2.1	0.37	0.33	True	False
曹訓	826c13f1ce58f64a.png	2.1	0.37	0.19	True	False
曹豹	f510a3e28a5344ff.png	2.1	0.37	0.38	True	False
曹霖	04a7027a3b224e5e.png	2.1	0.37	0.39	True	False
曹髦	a0b6fd9345dc3a1a.png	2.1	0.37	0.31	True	False
木鹿大王	50c2db0feb7ed4f8.png	2.1	0.37	0.31	True	False
朱儁	786a591c98e431bc.png	2.1	0.37	0.25	True	False
朱光	841c6f730d7ab668.png	2.1	0.37	0.36	True	False
朱拠	a29250e6c66c05d1.png	2.1	0.37	0.37	True	False
朱桓	a137641666379e84.png	2.1	0.37	0.44	True	False
朱治	2209a79e86e3bea6.png	2.1	0.37	0.26	True	False
朱然	9d1f0362c0dc5809.png	2.1	0.37	0.32	True	False
朱異	a7a0d93833da5b13.png	2.1	0.37	0.22	True	False
朱績	48e8f5e6cebc6661.png	2.1	0.37	0.31	True	False
朱蓋	ccce718f9d511957.png	2.1	0.37	0.32	True	False
朱褒	8ef4771355fcec5c.png	2.1	0.37	0.36	True	False
朱讃	d8e245b09a3fc328.png	2.1	0.37	0.43	True	False
朱鑠	66d6c881057e7f49.png	2.1	0.37	0.36	True	False
朱霊	fbee869ee1a4f7fe.png	2.1	0.37	0.40	True	False
朶思大王	2a7f7f1cb0255b8b.png	2.1	0.37	0.36	True	False
李傕	6ff050b368d00a15.png	2.1	0.37	0.34	True	False
李儒	2952aefefd2c0d99.png	2.1	0.37	0.49	True	False
李典	a40d5181a92a2503.png	2.1	0.37	0.35	True	False
李勝	1245661f5b199da2.png	2.1	0.37	0.36	True	False
李厳	3d7af25000a80d91.png	2.1	0.37	0.39	True	False
李堪	a5133b00ebc05e83.png	2.1	0.37	0.25	True	False
李孚	2e9cb8983f779d44.png	2.1	0.37	0.39	True	False
李密	a65ced1230ba00d9.png	2.1	0.37	0.33	True	False
李封	8fe149769a722bca.png	2.1	0.37	0.26	True	False
李恢	d3bdd219c0511758.png	2.1	0.37	0.41	True	False
李朝	52ef565c6782f7f9.png	2.1	0.37	0.32	True	False
李楽	b00f543290e50a49.png	2.1	0.37	0.48	True	False
李歆	53211a53cf92b952.png	2.1	0.37	0.43	True	False
李氏	accfd3bf4cb8c0d7.png	2.1	0.37	0.31	True	False
李異	89d5b914e85edcd8.png	2.1	0.37	0.38	True	False
李福	50854fbb9a32368f.png	2.1	0.37	0.31	True	False
李粛	c0a1a3b3e32488e2.png	2.1	0.37	0.31	True	False
李蒙	1c0c5a6598f96782.png	2.1	0.37	0.43	True	False
李衡	96df2eb33ba018a0.png	2.1	0.37	0.28	True	False
李豊	42cd8796726961e2.png	2.1	0.37	0.32	True	False
李豊	196bfffd02011cbb.png	2.1	0.37	0.28	True	False
李豊	fe99368adacfc948.png	2.1	0.37	0.39	True	False
李輔	c6fde9679c2cad86.png	2.1	0.37	0.37	True	False
李通	f72300ed28b0750f.png	2.1	0.37	0.38	True	False
李邵	efb86c215b1a063d.png	2.1	0.37	0.36	True	False
杜氏	ab3322037cbc5f89.png	2.1	0.37	0.30	True	False
杜瓊	f5eb62d3e86ebac0.png	2.1	0.37	0.37	True	False
杜畿	2fefbbeff96da9a7.png	2.1	0.37	0.32	True	False
杜襲	ae1f07a2a7d05f39.png	2.1	0.37	0.34	True	False
杜預	a2c51dd9635ac856.png	2.1	0.37	0.28	True	False
来敏	18b4f6a471a53613.png	2.1	0.37	0.41	True	False
柳毅	e81b8d2ebbb8fa7d.png	2.1	0.37	0.41	True	False
柳隠	45a27f8201428025.png	2.1	0.37	0.35	True	False
桓範	d07a0f886e709c04.png	2.1	0.37	0.32	True	False
桓鄰	6aa0b63e6a037d0c.png	2.1	0.37	0.38	True	False
桓階	fa34ed33277c45fe.png	2.1	0.37	0.23	True	False
梁綱	a49b212cc05c0787.png	2.1	0.37	0.37	True	False
梁緒	568b4c3a56c6dcfe.png	2.1	0.37	0.39	True	False
梁習	dc1502eb6aac208a.png	2.1	0.37	0.35	True	False
梁興	7a0495c3e95bf70f.png	2.1	0.37	0.35	True	False
楊任	7abe4ac45ddd7fc8.png	2.1	0.37	0.30	True	False
楊儀	f30b47928b98bf8e.png	2.1	0.37	0.37	True	False
楊奉	1ea2f44001267c74.png	2.1	0.37	0.42	True	False
楊定	328d839d75753d1b.png	2.1	0.37	0.36	True	False
楊密	d615ea949bf8e6e1.png	2.1	0.37	0.40	True	False
楊弘	137a5fca11c36c91.png	2.1	0.37	0.36	True	False
楊彪	c6882661e8dee45a.png	2.1	0.37	0.48	True	False
楊懐	5ec42c8f39bc0f24.png	2.1	0.37	0.35	True	False
楊戯	40a65489fc4c101c.png	2.1	0.37	0.39	True	False
楊敏	60b99212a35c19d0.png	2.1	0.37	0.33	True	False
楊昂	26fab5a0222f043d.png	2.1	0.37	0.29	True	False
楊松	497d7bfe9538fb19.png	2.1	0.37	0.46	True	False
楊柏	ed6e0d419719b7ae.png	2.1	0.37	0.33	True	False
楊欣	f958e7e16dba11d7.png	2.1	0.37	0.24	True	False
楊氏	6a20f327a420d66f.png	2.1	0.37	0.42	True	False
楊洪	f30ae5f2acaf3c05.png	2.1	0.37	0.29	True	False
楊済	0875dfdd7fe835a6.png	2.1	0.37	0.30	True	False
楊祚	418c1b3123be2d8f.png	2.1	0.37	0.28	True	False
楊秋	ea9e9fcbf3a2a205.png	2.1	0.37	0.41	True	False
楊肇	13f02439d3988578.png	2.1	0.37	0.37	True	False
楊脩	7d78502133aba4b0.png	2.1	0.37	0.35	True	False
楊醜	e07fa0635e84ef89.png	2.1	0.37	0.34	True	False
楊鋒	5310a4dd12c0b885.png	2.1	0.37	0.48	True	False
楊阜	72ef8714dc0f5b73.png	2.1	0.37	0.31	True	False
楼玄	98a50b813ff59674.png	2.1	0.37	0.34	True	False
楼班	38d5dd8a6c318b59.png	2.1	0.37	0.45	True	False
楽就	ccde4532f82b668f.png	2.1	0.37	0.28	True	False
楽綝	bda1a83234d4181b.png	2.1	0.37	0.34	True	False
楽進	534fa3a87c185e4f.png	2.1	0.37	0.23	True	False
樊建	d9265289f2036774.png	2.1	0.37	0.37	True	False
樊氏	b57ea58831e1fd98.png	2.1	0.37	0.38	True	False
樊稠	7aa399e6083e7f49.png	2.1	0.37	0.29	True	False
樊能	b842ea1c6689061d.png	2.1	0.37	0.36	True	False
橋瑁	f315cd80eb736a86.png	2.1	0.37	0.32	True	False
橋蕤	78e25ceb5ecb7d9d.png	2.1	0.37	0.32	True	False
武安国	b95c86d0b313615a.png	2.1	0.37	0.50	True	False
歩協	16bc84a1a944ec03.png	2.1	0.37	0.39	True	False
歩度根	00f2c47c9aba4521.png	2.1	0.37	0.50	True	False
歩練師	3b2a9f26c659463b.png	2.1	0.37	0.36	True	False
歩闡	240e54d1309eb6a6.png	2.1	0.37	0.54	True	False
歩騭	ba6e274e51a5ca2a.png	2.1	0.37	0.25	True	False
段煨	5b68f9e651e46fb6.png	2.1	0.37	0.34	True	False
殷礼	3cb49e712cfa32be.png	2.1	0.37	0.35	True	False
殷署	a47530d1e9ab8b93.png	2.1	0.37	0.30	True	False
殷観	8b0b35ca7c5ea4f0.png	2.1	0.37	0.28	True	False
毌丘倹	6d1b45bcd7ea464f.png	2.1	0.37	0.40	True	False
毌丘甸	d19336c28991d2b3.png	2.1	0.37	0.28	True	False
毌丘秀	b91c28771d7d99ea.png	2.1	0.37	0.19	True	False
毌丘興	30f6f250253d850c.png	2.1	0.37	0.37	True	False
毛玠	41c25a10738aedbc.png	2.1	0.37	0.31	True	False
沈瑩	e4b6fd9f0c0a721a.png	2.1	0.37	0.31	True	False
沙摩柯	b93980a7087e914d.png	2.1	0.37	0.46	True	False
沮授	d184d20a77695527.png	2.1	0.37	0.28	True	False
沮鵠	b7c92b77faed6276.png	2.1	0.37	0.39	True	False
泄帰泥	182c6dfde7b9cb06.png	2.1	0.37	0.38	True	False
法正	cd552d92696e0a67.png	2.1	0.37	0.34	True	False
波才	812e24ab161b0faa.png	2.1	0.37	0.37	True	False
涼茂	e420355b9a196b5a.png	2.1	0.37	0.36	True	False
淳于瓊	5f5965255fde1231.png	2.1	0.37	0.34	True	False
温恢	8ee5ffa66eff5d21.png	2.1	0.37	0.32	True	False
游楚	f5487fa1c408a44f.png	2.1	0.37	0.38	True	False
満寵	5de716fbd57d7467.png	2.1	0.37	0.33	True	False
滕胤	35159dc77bc903b6.png	2.1	0.37	0.30	True	False
滕脩	34133fc9937d683d.png	2.1	0.37	0.29	True	False
潘氏	4661115229a64322.png	2.1	0.37	0.33	True	False
潘濬	52df9698509ccf3b.png	2.1	0.37	0.37	True	False
潘璋	82d7a00070484e28.png	2.1	0.37	0.37	True	False
潘臨	3177ac922bf37b29.png	2.1	0.37	0.34	True	False
潘鳳	6f3477e00c1095ee.png	2.1	0.37	0.42	True	False
濮陽興	da19a29d9caaccb3.png	2.1	0.37	0.24	True	False
焦彝	560338288a4643a5.png	2.1	0.37	0.26	True	False
焦触	5dcecee8ad2543b9.png	2.1	0.37	0.29	True	False
牛輔	3622dab9993aa04d.png	2.1	0.37	0.32	True	False
牛金	ccafd395c8f1ea6e.png	2.1	0.37	0.45	True	False
牽弘	59fff5188b4fa8bf.png	2.1	0.37	0.38	True	False
牽招	328f80d4649628e4.png	2.1	0.37	0.38	True	False
王伉	4449df83f9cdeba8.png	2.1	0.37	0.40	True	False
王允	5b947176e88346fe.png	2.1	0.37	0.39	True	False
王元姫	41a2ec1bfc56bf85.png	2.1	0.37	0.32	True	False
王匡	7c4d31492c2bb38c.png	2.1	0.37	0.27	True	False
王双	38ca0a5839bb7c28.png	2.1	0.37	0.35	True	False
王商	03bc6ce5e7cf80ed.png	2.1	0.37	0.28	True	False
王嗣	44deade4e9aa2914.png	2.1	0.37	0.35	True	False
王基	ba68a6969c9a0dba.png	2.1	0.37	0.39	True	False
王威	d903e6ee01ef91ca.png	2.1	0.37	0.35	True	False
王子服	19dc5eb63d226880.png	2.1	0.37	0.38	True	False
王平	7ca4a8724d253c5b.png	2.1	0.37	0.46	True	False
王必	2668a2b0ea29ab92.png	2.1	0.37	0.32	True	False
王忠	1db502e4ae2143b0.png	2.1	0.37	0.26	True	False
王思	f349d7b9ef94f850.png	2.1	0.37	0.48	True	False
王惇	d55349dea0b9c66d.png	2.1	0.37	0.36	True	False
王戎	c70549437c6fea5f.png	2.1	0.37	0.32	True	False
王方	fbdf535a61c1e251.png	2.1	0.37	0.34	True	False
王昶	afe1c5fd6258f639.png	2.1	0.37	0.27	True	False
王朗	6d6ec523c0b9fd72.png	2.1	0.37	0.52	True	False
王業	5cd0d3a647a31341.png	2.1	0.37	0.36	True	False
王楷	2714ce8d8b73d3dd.png	2.1	0.37	0.44	True	False
王沈	017d6c4595ce0b5a.png	2.1	0.37	0.33	True	False
王淩	adc3ed1d7968da08.png	2.1	0.37	0.40	True	False
王渾	f1bf54bd53d3a75d.png	2.1	0.37	0.33	True	False
王濬	308fc90565485292.png	2.1	0.37	0.34	True	False
王甫	642917bb27ba8be7.png	2.1	0.37	0.41	True	False
王異	793dce72eea98dac.png	2.1	0.37	0.31	True	False
王祥	482a823c025fd8f4.png	2.1	0.37	0.40	True	False
王粛	ea3be493a68b2a57.png	2.1	0.37	0.40	True	False
王粲	643fa61bdb7997a9.png	2.1	0.37	0.28	True	False
王累	4bf9dd36dab36c36.png	2.1	0.37	0.42	True	False
王経	99e1bc886f86b14d.png	2.1	0.37	0.27	True	False
王脩	46d00ee1646832a2.png	2.1	0.37	0.31	True	False
王観	f4e8015f8c7df069.png	2.1	0.37	0.36	True	False
王謀	b0c29f71bcf1ae1f.png	2.1	0.37	0.34	True	False
王連	0542d89f7335397a.png	2.1	0.37	0.31	True	False
王門	ff3ab845edc2aa9d.png	2.1	0.37	0.44	True	False
王韜	73d36e2cd8400d45.png	2.1	0.37	0.27	True	False
王頎	bda2ea53422fcf46.png	2.1	0.37	0.43	True	False
環氏	5671ef189a5d6ff8.png	2.1	0.37	0.34	True	False
甄氏	653aa488f34889db.png	2.1	0.37	0.42	True	False
甘寧	227d56252d454790.png	2.1	0.37	0.35	True	False
甘氏	4b515acd06cbee86.png	2.1	0.37	0.37	True	False
甯随	102ca28bdf28ae4f.png	2.1	0.37	0.47	True	False
田楷	2ebb9e4ec62024f6.png	2.1	0.37	0.34	True	False
田疇	6b7377e3e93a20d2.png	2.1	0.37	0.32	True	False
田続	ccd6b3069e0a855b.png	2.1	0.37	0.25	True	False
田豊	1d9cbcbfd184d017.png	2.1	0.37	0.38	True	False
田豫	95a555140c6fb492.png	2.1	0.37	0.42	True	False
申儀	f8853c54d56c16e2.png	2.1	0.37	0.40	True	False
申耽	3966974eb081e25b.png	2.1	0.37	0.27	True	False
留平	a5c0f57f88f09cb0.png	2.1	0.37	0.32	True	False
留略	5d42c03cbc877a17.png	2.1	0.37	0.40	True	False
留賛	f2755813157d35bc.png	2.1	0.37	0.31	True	False
畢軌	e312c346a9432070.png	2.1	0.37	0.37	True	False
皇甫嵩	764a19fd7fd8ce22.png	2.1	0.37	0.23	True	False
皇甫闓	0cd3cbfa5ed2a1f5.png	2.1	0.37	0.32	True	False
盛曼	e5b568a2927a1f95.png	2.1	0.37	0.36	True	False
盧植	7ab593ad86b521d8.png	2.1	0.37	0.33	True	False
盧毓	d77dea0e25ee525d.png	2.1	0.37	0.33	True	False
眭元進	06cf2393fcd2b383.png	2.1	0.37	0.27	True	False
眭固	eac5e51f521290f4.png	2.1	0.37	0.33	True	False
石苞	77dbda910504a79f.png	2.1	0.37	0.28	True	False
石鑒	a18a907c6fcf084e.png	2.1	0.37	0.33	True	False
石韜	b089b51d9120d765.png	2.1	0.37	0.35	True	False
祖茂	88c4e33903045d08.png	2.1	0.37	0.43	True	False
祝融	fecc118d55bd95d0.png	2.1	0.37	0.52	True	False
秦宓	66f6e9cb93cd07b9.png	2.1	0.37	0.31	True	False
秦宜禄	60df44e5ce611874.png	2.1	0.37	0.30	True	False
秦朗	c34cc52c0ed0af24.png	2.1	0.37	0.42	True	False
秦松	2075d6a9ff7e4a7b.png	2.1	0.37	0.32	True	False
程咨	556b4c46c509ca15.png	2.1	0.37	0.32	True	False
程昱	2fcd400c3fdca005.png	2.1	0.37	0.44	True	False
程普	4b40483fb8f6e079.png	2.1	0.37	0.35	True	False
程武	f9cf7773f49e2e5f.png	2.1	0.37	0.30	True	False
程畿	285d6862cdea74d3.png	2.1	0.37	0.31	True	False
程秉	76ce04f2fe050b31.png	2.1	0.37	0.30	True	False
程遠志	9040660fade63358.png	2.1	0.37	0.43	True	False
程銀	63f103b17c514a8a.png	2.1	0.37	0.33	True	False
穆順	0cd8a4c6689eda01.png	2.1	0.37	0.48	True	False
笮融	2bd355e092f3c2ad.png	2.1	0.37	0.38	True	False
管亥	85531c5a800bbc90.png	2.1	0.37	0.36	True	False
管承	2136661b66bcd570.png	2.1	0.37	0.47	True	False
管統	61b8225aa1e5402e.png	2.1	0.37	0.44	True	False
簡雍	028810f41e0c68c4.png	2.1	0.37	0.37	True	False
糜氏	5ea2746f3d5c6f0f.png	2.1	0.37	0.37	True	False
糜竺	5869c5a3b16ffc86.png	2.1	0.37	0.31	True	False
糜芳	307ba58323e65d60.png	2.1	0.37	0.35	True	False
紀霊	e4000170743ec2fe.png	2.1	0.37	0.44	True	False
羅憲	307b6f5acb2f52a9.png	2.1	0.37	0.26	True	False
羊徽瑜	3d608ddb3c07d8c8.png	2.1	0.37	0.30	True	False
羊祜	810bce663794bfb4.png	2.1	0.37	0.42	True	False
羊衜	ee8aad2e57ae139c.png	2.1	0.37	0.36	True	False
習珍	b1423136f56f8504.png	2.1	0.37	0.37	True	False
習禎	266254172b4e878b.png	2.1	0.37	0.31	True	False
耿武	eaeb4e5670905aa6.png	2.1	0.37	0.36	True	False
耿紀	cfe41350d91caa99.png	2.1	0.37	0.32	True	False
聶友	486e568890979a29.png	2.1	0.37	0.35	True	False
胡奮	50180e11ce279d46.png	2.1	0.37	0.40	True	False
胡沖	ebfc9e0e8dedc03a.png	2.1	0.37	0.46	True	False
胡淵	112cf03b484b30a3.png	2.1	0.37	0.18	True	False
胡済	ee2312e0db88a4b1.png	2.1	0.37	0.39	True	False
胡烈	10017b57798204d3.png	2.1	0.37	0.27	True	False
胡班	9654f166b9c973f7.png	2.1	0.37	0.37	True	False
胡綜	affd6605adaa35b7.png	2.1	0.37	0.30	True	False
胡質	a5eba9ed4bc02817.png	2.1	0.37	0.32	True	False
胡車児	a37ab33a39dc8ad6.png	2.1	0.37	0.32	True	False
胡軫	4c35022b0fd6a7ed.png	2.1	0.37	0.43	True	False
胡遵	5983c1c131359a53.png	2.1	0.37	0.43	True	False
脩允	5b13921e6bcd7819.png	2.1	0.37	0.42	True	False
脩則	2bb0a52028f2570a.png	2.1	0.37	0.31	True	False
臧洪	9b4c446d4a52e572.png	2.1	0.37	0.29	True	False
臧覇	63ab59ff7b05bedd.png	2.1	0.37	0.42	True	False
花鬘	9c31af6e9ee65951.png	2.1	0.37	0.31	True	False
范彊	56e28012ac8ab0de.png	2.1	0.37	0.42	True	False
范方	99e16bb564f5a257.png	2.1	0.37	0.42	True	False
荀勗	bb1a3a6851b65d56.png	2.1	0.37	0.25	True	False
荀彧	6a35d55c3ab5e6fb.png	2.1	0.37	0.36	True	False
荀惲	3059b9bb69ec594e.png	2.1	0.37	0.37	True	False
荀攸	e12aa02f3f9d6a46.png	2.1	0.37	0.40	True	False
荀正	4551be1a3329cdfa.png	2.1	0.37	0.29	True	False
荀爽	1133200ac9dceba8.png	2.1	0.37	0.35	True	False
荀粲	b35746fd25e29d17.png	2.1	0.37	0.37	True	False
荀諶	6825d457565fbb57.png	2.1	0.37	0.36	True	False
荀顗	04b5c89299d9e546.png	2.1	0.37	0.43	True	False
華歆	851131e062908260.png	2.1	0.37	0.39	True	False
華覈	6a0a58101f1026ed.png	2.1	0.37	0.41	True	False
華雄	c369a7d8aa02f471.png	2.1	0.37	0.29	True	False
董允	b82ac7db23248034.png	2.1	0.37	0.42	True	False
董卓	1a783cca936427b0.png	2.1	0.37	0.56	True	False
董厥	2b68ad8f68d85b72.png	2.1	0.37	0.24	True	False
董和	2c1eda8ae53ca82c.png	2.1	0.37	0.34	True	False
董扶	bc986638bda9ac76.png	2.1	0.37	0.31	True	False
董承	565a86e36f4eaf71.png	2.1	0.37	0.38	True	False
董旻	ebfe4da115b96b48.png	2.1	0.37	0.44	True	False
董昭	4f3ee0775057d3ff.png	2.1	0.37	0.31	True	False
董朝	4185c83de554b256.png	2.1	0.37	0.36	True	False
董璜	a340695f0053301b.png	2.1	0.37	0.39	True	False
董白	cf2c73b9cd7e0a53.png	2.1	0.37	0.44	True	False
董荼那	0f8d7deb9b571260.png	2.1	0.37	0.39	True	False
董衡	5467e6f056e81e41.png	2.1	0.37	0.33	True	False
董襲	8919ad8b4d7a2a3e.png	2.1	0.37	0.39	True	False
蒋幹	18cb51f97ce2dc76.png	2.1	0.37	0.42	True	False
蒋斌	6d09d2a8071835d8.png	2.1	0.37	0.30	True	False
蒋欽	c1e119e56fdc1b22.png	2.1	0.37	0.47	True	False
蒋済	b3a2f1d33ee50512.png	2.1	0.37	0.26	True	False
蒋班	4ac918761d1a5a6d.png	2.1	0.37	0.29	True	False
蒋琬	ea29ab2d629eb9e3.png	2.1	0.37	0.35	True	False
蒋義渠	105d747f9d2ecb09.png	2.1	0.37	0.33	True	False
蒋舒	0a2ac595cd9f74f1.png	2.1	0.37	0.38	True	False
蒋顕	709bc22cf909d527.png	2.1	0.37	0.28	True	False
蒯良	db9a4973cc0fbe31.png	2.1	0.37	0.31	True	False
蒯越	9c63c7a4dfb4bfae.png	2.1	0.37	0.36	True	False
蔡中	fdd89241bbc7527d.png	2.1	0.37	0.29	True	False
蔡勳	19e16f645743447a.png	2.1	0.37	0.35	True	False
蔡和	33a42454e21f11ad.png	2.1	0.37	0.36	True	False
蔡氏	c61ef1d402922dfa.png	2.1	0.37	0.40	True	False
蔡琰	7aad8420cacfd63e.png	2.1	0.37	0.27	True	False
蔡瑁	564ca28072dd3440.png	2.1	0.37	0.23	True	False
蔡邕	2f8b505a2a53886a.png	2.1	0.37	0.34	True	False
薛悌	4b5e6797dca418eb.png	2.1	0.37	0.39	True	False
薛珝	4050173dffd77fc5.png	2.1	0.37	0.31	True	False
薛瑩	7d36c6967ae0a3c3.png	2.1	0.37	0.27	True	False
薛礼	ba056e3460159294.png	2.1	0.37	0.27	True	False
薛綜	10a398530d865ec4.png	2.1	0.37	0.32	True	False
薛蘭	61c3bf89798f8742.png	2.1	0.37	0.31	True	False
蘇則	dc61f18b9f164e93.png	2.1	0.37	0.30	True	False
蘇由	36353a71829fb892.png	2.1	0.37	0.32	True	False
蘇飛	b63280d70b55b2ed.png	2.1	0.37	0.48	True	False
虞汜	46d2a7089df34f3f.png	2.1	0.37	0.32	True	False
虞翻	212207113f29c6c3.png	2.1	0.37	0.38	True	False
衛瓘	d38b9c6cfe103658.png	2.1	0.37	0.36	True	False
衛臻	a711bd5270ca73f1.png	2.1	0.37	0.29	True	False
衛茲	d311e7e95fa88bed.png	2.1	0.37	0.33	True	False
袁尚	9e442088c5b367bb.png	2.1	0.37	0.40	True	False
袁春卿	0972e83637560d2b.png	2.1	0.37	0.35	True	False
袁渙	59d4ce6881bc0d89.png	2.1	0.37	0.32	True	False
袁煕	0f3cf2e71d8cf7bf.png	2.1	0.37	0.35	True	False
袁燿	879330ebfa987f4b.png	2.1	0.37	0.32	True	False
袁紹	017da52af44b2de4.png	2.1	0.37	0.44	True	False
袁胤	15707f68e8c74e5f.png	2.1	0.37	0.41	True	False
袁術	e968e0283c6a7602.png	2.1	0.37	0.43	True	False
袁譚	eca495f31ccd34e0.png	2.1	0.37	0.15	True	False
袁遺	7c4dee7fc2080dfc.png	2.1	0.37	0.33	True	False
裴元紹	67ee98924b0a1679.png	2.1	0.37	0.32	True	False
裴潜	9718b5cbbfb90c13.png	2.1	0.37	0.35	True	False
裴秀	6d492b02332206b0.png	2.1	0.37	0.38	True	False
許儀	6bc4d2d151c34f72.png	2.1	0.37	0.41	True	False
許定	715847ee6488eacc.png	2.1	0.37	0.29	True	False
許慈	00b3b0d3a68f96fb.png	2.1	0.37	0.31	True	False
許攸	6482bd9354b24f5f.png	2.1	0.37	0.32	True	False
許汜	350a63807a19d7f4.png	2.1	0.37	0.34	True	False
許褚	b936ef86c0f74c5d.png	2.1	0.37	0.41	True	False
許貢	99a6e34c2a97ff1a.png	2.1	0.37	0.28	True	False
許靖	079e2eac8db29caa.png	2.1	0.37	0.29	True	False
諸葛亮	4cca4e39c68b570a.png	2.1	0.37	0.27	True	False
諸葛喬	9a5206f18da41a6f.png	2.1	0.37	0.27	True	False
諸葛均	8aa6ac80aca15b5e.png	2.1	0.37	0.48	True	False
諸葛尚	b443a10e4e24294c.png	2.1	0.37	0.39	True	False
諸葛恪	f133e6cdea2fbe95.png	2.1	0.37	0.39	True	False
諸葛瑾	3bb7dbb6a265b2da.png	2.1	0.37	0.32	True	False
諸葛瞻	dd703a1a621b8aa9.png	2.1	0.37	0.44	True	False
諸葛緒	fd98697808b88045.png	2.1	0.37	0.32	True	False
諸葛融	51a4bb0a5482c696.png	2.1	0.37	0.34	True	False
諸葛誕	ba0dc56d25cd8995.png	2.1	0.37	0.40	True	False
諸葛靚	1f989c908bf8b41c.png	2.1	0.37	0.33	True	False
謝旌	16d42c38f02a5ce2.png	2.1	0.37	0.32	True	False
謝景	31d2d1661b8a98dd.png	2.1	0.37	0.27	True	False
譙周	7d91009c87f2f758.png	2.1	0.37	0.38	True	False
譚雄	5dd44f2f25ed4159.png	2.1	0.37	0.33	True	False
谷利	81f9432db21187b9.png	2.1	0.37	0.40	True	False
貂蝉	02f6691fcfdaedbc.png	2.1	0.37	0.21	True	False
費桟	32bcfb8d1ac3946b.png	2.1	0.37	0.37	True	False
費禕	69c8423e7542f9ae.png	2.1	0.37	0.46	True	False
費耀	cbaecf7a680832e3.png	2.1	0.37	0.31	True	False
費観	f2f1e448b978ab6d.png	2.1	0.37	0.33	True	False
費詩	2fc6690106a89afe.png	2.1	0.37	0.39	True	False
賀斉	538eae8dd1fd390f.png	2.1	0.37	0.36	True	False
賀達	04003e2e523209bb.png	2.1	0.37	0.31	True	False
賈信	459a50691916bfbf.png	2.1	0.37	0.30	True	False
賈充	b34fefa7f476ffbf.png	2.1	0.37	0.15	True	False
賈範	fd646b4256989f97.png	2.1	0.37	0.30	True	False
賈華	b5fbd1e222926b1a.png	2.1	0.37	0.40	True	False
賈詡	fdb4b57dc03a68eb.png	2.1	0.37	0.35	True	False
賈逵	97f83157195ce173.png	2.1	0.37	0.32	True	False
越吉	32535c56a73c389d.png	2.1	0.37	0.32	True	False
趙儼	3a821b99af24ca12.png	2.1	0.37	0.33	True	False
趙叡	f84ca44b8c810cff.png	2.1	0.37	0.33	True	False
趙咨	e64e903f367db8e1.png	2.1	0.37	0.30	True	False
趙娥	3b74b9eac4d9d492.png	2.1	0.37	0.40	True	False
趙広	500ba80ca41ae513.png	2.1	0.37	0.34	True	False
趙弘	08c7d04d5aee691e.png	2.1	0.37	0.37	True	False
趙昂	6a239a4a74daf829.png	2.1	0.37	0.42	True	False
趙昱	4a0472c60371c5c7.png	2.1	0.37	0.27	True	False
趙正	4f9b939390cf0a73.png	2.1	0.37	0.47	True	False
趙氏貞	7ca1bc7d91f29cf4.png	2.1	0.37	0.35	True	False
趙範	93ee6a472c02deab.png	2.1	0.37	0.28	True	False
趙累	fe4ac0d32b2bcc0b.png	2.1	0.37	0.34	True	False
趙統	87fae29b6498fa38.png	2.1	0.37	0.33	True	False
趙達	49604dad970b581e.png	2.1	0.37	0.35	True	False
趙雲	eaa840bf099062eb.png	2.1	0.37	0.40	True	False
路招	410bb377e2324255.png	2.1	0.37	0.39	True	False
蹋頓	6ea005e76e032cab.png	2.1	0.37	0.38	True	False
車冑	132720da766fbaf3.png	2.1	0.37	0.43	True	False
軻比能	7ca289eb895ac5fa.png	2.1	0.37	0.30	True	False
輔匡	cd42a9900082137a.png	2.1	0.37	0.39	True	False
辛憲英	e908e82e643e1857.png	2.1	0.37	0.37	True	False
辛敞	78fb7686c56b6772.png	2.1	0.37	0.36	True	False
辛毘	aeeda3a09872fd57.png	2.1	0.37	0.49	True	False
辛評	f1a24b9630d83062.png	2.1	0.37	0.30	True	False
迷当大王	1cdb3fe044ce24a5.png	2.1	0.37	0.39	True	False
逢紀	15ad298e51496362.png	2.1	0.37	0.51	True	False
邢道栄	2d648d5bfa34859b.png	2.1	0.37	0.29	True	False
邯鄲淳	ecd9a965b4b9cf26.png	2.1	0.37	0.37	True	False
邵悌	9fe53bf27629fd2d.png	2.1	0.37	0.22	True	False
郝昭	6a940c0e7f59b784.png	2.1	0.37	0.37	True	False
郝普	e520a52b8294d2c0.png	2.1	0.37	0.42	True	False
郝萌	c001f09c4f14c62f.png	2.1	0.37	0.46	True	False
郤正	023762d4c11375f8.png	2.1	0.37	0.38	True	False
郭嘉	ac599ad71e67cf3a.png	2.1	0.37	0.34	True	False
郭図	ef8abe6e8db6ce8e.png	2.1	0.37	0.51	True	False
郭奕	9b8615f118e3f334.png	2.1	0.37	0.35	True	False
郭女王	2ac8db0a19935280.png	2.1	0.37	0.35	True	False
郭援	ae7b67d8aedf9f89.png	2.1	0.37	0.36	True	False
郭攸之	b43ed8916dec7e17.png	2.1	0.37	0.36	True	False
郭汜	64d1b4a869ac4596.png	2.1	0.37	0.30	True	False
郭淮	e280ebf4d43bbdbc.png	2.1	0.37	0.37	True	False
郭石	fe34821e937da0de.png	2.1	0.37	0.45	True	False
郭馬	71869f293209ea81.png	2.1	0.37	0.34	True	False
鄂煥	c73aed87d52713e0.png	2.1	0.37	0.42	True	False
鄒丹	70d18d8dd607dbb1.png	2.1	0.37	0.45	True	False
鄒氏	4e52ed304150ef8e.png	2.1	0.37	0.22	True	False
鄒靖	2d409f604c536123.png	2.1	0.37	0.29	True	False
鄧忠	ff9fac00dab7af3f.png	2.1	0.37	0.40	True	False
鄧方	13e1de7571916ce8.png	2.1	0.37	0.35	True	False
鄧義	030878a38f576e04.png	2.1	0.37	0.25	True	False
鄧艾	6ce4f59212879104.png	2.1	0.37	0.43	True	False
鄧芝	cd10ed9f94802d35.png	2.1	0.37	0.34	True	False
鄧茂	f63468143b546675.png	2.1	0.37	0.30	True	False
鄧賢	68568b741ced11f7.png	2.1	0.37	0.34	True	False
鄧龍	929e18cea5450da3.png	2.1	0.37	0.31	True	False
鄭冑	fd7ca4f6d9d70d86.png	2.1	0.37	0.35	True	False
鄭度	a44f5218105960f2.png	2.1	0.37	0.28	True	False
鄭泉	735518919acf1f99.png	2.1	0.37	0.27	True	False
鄭泰	55b5d5ade5b877c6.png	2.1	0.37	0.31	True	False
鄭渾	d528379f7f51f866.png	2.1	0.37	0.34	True	False
金尚	49a807e3f2d7cbb6.png	2.1	0.37	0.42	True	False
金旋	5190e0c6217600c7.png	2.1	0.37	0.35	True	False
金環三結	d075f2c33aa3bfac.png	2.1	0.37	0.53	True	False
金禕	f02360bc700d5fb8.png	2.1	0.37	0.35	True	False
鍾会	806d695ded067c4a.png	2.1	0.37	0.39	True	False
鍾毓	3f3fe65305804863.png	2.1	0.37	0.37	True	False
鍾繇	ee9b4a3ff5d2fb09.png	2.1	0.37	0.40	True	False
鍾進	e7375929368e7014.png	2.1	0.37	0.30	True	False
鍾離牧	82e1438b3e31e4e4.png	2.1	0.37	0.42	True	False
関平	f602d0b80f727c31.png	2.1	0.37	0.32	True	False
関彝	cb62daf0dd7f76cd.png	2.1	0.37	0.35	True	False
関純	f20003a1c225fbef.png	2.1	0.37	0.26	True	False
関索	ec34345c31d38f7e.png	2.1	0.37	0.47	True	False
関統	5b4255bebb47d7f6.png	2.1	0.37	0.39	True	False
関羽	0b13f2f2c248406c.png	2.1	0.37	0.34	True	False
関興	a9ac9e8d307267d0.png	2.1	0.37	0.41	True	False
関銀屏	246f7ad97ee44a6b.png	2.1	0.37	0.34	True	False
関靖	29cf947af0a0e689.png	2.1	0.37	0.43	True	False
閻圃	2fa96041dedfd7d3.png	2.1	0.37	0.38	True	False
閻宇	4b6b9aa2764fa7b6.png	2.1	0.37	0.28	True	False
閻柔	ec968b24ae23cd9b.png	2.1	0.37	0.38	True	False
閻温	b526f635da482aa6.png	2.1	0.37	0.27	True	False
閻行	f7640b1049010c6e.png	2.1	0.37	0.54	True	False
閻象	bcf22494968a0991.png	2.1	0.37	0.30	True	False
闞沢	e52dcf300703a2ff.png	2.1	0.37	0.27	True	False
阮籍	0b5d06fc9004962f.png	2.1	0.37	0.40	True	False
阿会喃	b637d91af1a90be0.png	2.1	0.37	0.42	True	False
阿貴	4dfd51d9223b6d8c.png	2.1	0.37	0.46	True	False
陰夔	919e71b409b31253.png	2.1	0.37	0.41	True	False
陳到	f1bdf0fd0c9b76e1.png	2.1	0.37	0.38	True	False
陳化	2d537383d7153a5d.png	2.1	0.37	0.37	True	False
陳宮	349256a89e7db734.png	2.1	0.37	0.28	True	False
陳寿	4309b48db637aba0.png	2.1	0.37	0.25	True	False
陳就	42919156cf9975fe.png	2.1	0.37	0.42	True	False
陳式	1474272e0b4a9121.png	2.1	0.37	0.48	True	False
陳応	85629712fd73a818.png	2.1	0.37	0.45	True	False
陳横	1d58fc318c544612.png	2.1	0.37	0.46	True	False
陳武	1cb7d3941608788c.png	2.1	0.37	0.31	True	False
陳泰	3440bc9cf85536a1.png	2.1	0.37	0.33	True	False
陳珪	f28252a09a09c700.png	2.1	0.37	0.37	True	False
陳琳	1f5049668391f011.png	2.1	0.37	0.27	True	False
陳登	fc47c06f26f0fe8e.png	2.1	0.37	0.42	True	False
陳矯	3877d3ed908be47a.png	2.1	0.37	0.29	True	False
陳祗	f24ace87817a0ac0.png	2.1	0.37	0.34	True	False
陳紀	bb0acf2caf3867a4.png	2.1	0.37	0.35	True	False
陳羣	6526e907c7d75b7b.png	2.1	0.37	0.34	True	False
陳脩	29cfb89f49838076.png	2.1	0.37	0.41	True	False
陳蘭	88baac7ce5447e1c.png	2.1	0.37	0.37	True	False
陳表	0f2a750693d67093.png	2.1	0.37	0.40	True	False
陳震	4ce68aec68df309d.png	2.1	0.37	0.39	True	False
陳騫	c21d377951881a17.png	2.1	0.37	0.43	True	False
陶濬	a4667ed9c251a4ec.png	2.1	0.37	0.37	True	False
陶璜	ed5e3dd6b7040593.png	2.1	0.37	0.34	True	False
陶謙	835482839d7c8406.png	2.1	0.37	0.43	True	False
陸凱	d8e0b55ee0c6a86c.png	2.1	0.37	0.39	True	False
陸抗	36cf691666f65991.png	2.1	0.37	0.37	True	False
陸瑁	18be6b3f403151ff.png	2.1	0.37	0.33	True	False
陸績	fbf0ceeea2c9674c.png	2.1	0.37	0.36	True	False
陸胤	8d396fdfbeb23068.png	2.1	0.37	0.31	True	False
陸遜	b329329498b30830.png	2.1	0.37	0.35	True	False
陸鬱生	ada1be8855da37fa.png	2.1	0.37	0.24	True	False
隠蕃	c3ea4843477482af.png	2.1	0.37	0.35	True	False
雅丹	676576782fb19fa1.png	2.1	0.37	0.41	True	False
雍闓	b99e5d1a2085a6da.png	2.1	0.37	0.37	True	False
雷叙	664d77f1921e9d4e.png	2.1	0.37	0.42	True	False
雷緒	f1819c201e6ca17f.png	2.1	0.37	0.36	True	False
雷薄	93d172eb5c5218fe.png	2.1	0.37	0.41	True	False
雷銅	ea6582d56aeba61e.png	2.1	0.37	0.29	True	False
霍峻	ca5ca1db169f2631.png	2.1	0.37	0.42	True	False
霍弋	c7e23183db85f380.png	2.1	0.37	0.37	True	False
鞏志	dc857ec06ba368db.png	2.1	0.37	0.33	True	False
韋康	91eacdc6f7f7c0b2.png	2.1	0.37	0.33	True	False
韋昭	4afce206d5194763.png	2.1	0.37	0.38	True	False
韓嵩	3e0188a3dd6adfac.png	2.1	0.37	0.30	True	False
韓当	97b81d1751a2d5e5.png	2.1	0.37	0.44	True	False
韓徳	3e2b8a72a6f28a12.png	2.1	0.37	0.29	True	False
韓忠	2c25d0412f3ad94f.png	2.1	0.37	0.31	True	False
韓忠	da3e43a9d2436b55.png	2.1	0.37	0.37	True	False
韓暹	17a74b17fae59562.png	2.1	0.37	0.37	True	False
韓曁	1a2f9a884219f2e2.png	2.1	0.37	0.32	True	False
韓浩	bbe9d7b16e7c4f10.png	2.1	0.37	0.40	True	False
韓猛	5c7a96cafb4249c7.png	2.1	0.37	0.26	True	False
韓玄	c3d3efa72bef47eb.png	2.1	0.37	0.40	True	False
韓珩	b2684a5f68b623bb.png	2.1	0.37	0.30	True	False
韓範	441da0e03a06902d.png	2.1	0.37	0.41	True	False
韓綜	45c756733521f888.png	2.1	0.37	0.43	True	False
韓胤	ab8839e10feb3eae.png	2.1	0.37	0.44	True	False
韓莒子	f2ab522e10ff56b7.png	2.1	0.37	0.47	True	False
韓起	e35759316e8f7228.png	2.1	0.37	0.42	True	False
韓遂	3c4f46c384e26e57.png	2.1	0.37	0.32	True	False
韓馥	4a5e3ecc4a0f782b.png	2.1	0.37	0.34	True	False
頼恭	9af3ce54a67853a7.png	2.1	0.37	0.34	True	False
顔良	7c6575773afea9ad.png	2.1	0.37	0.39	True	False
顧承	32469b1a6fad4bd2.png	2.1	0.37	0.20	True	False
顧譚	b5cc880b88421d9c.png	2.1	0.37	0.23	True	False
顧邵	5f213b67cccf760e.png	2.1	0.37	0.31	True	False
顧雍	164e9ccfb5eae2dd.png	2.1	0.37	0.35	True	False
馬休	e09b7aec039e9087.png	2.1	0.37	0.42	True	False
馬岱	e4d9501ca5de0568.png	2.1	0.37	0.26	True	False
馬延	63fa5676b274f44c.png	2.1	0.37	0.36	True	False
馬忠	8e2d20fde6853178.png	2.1	0.37	0.32	True	False
馬忠	85b8f2b942fc95eb.png	2.1	0.37	0.34	True	False
馬日磾	7d5a62adff38a9c6.png	2.1	0.37	0.42	True	False
馬玩	b6211bb80da9cda2.png	2.1	0.37	0.37	True	False
馬良	cf6d3c4c351dcb08.png	2.1	0.37	0.30	True	False
馬謖	4a6c20d0063e309d.png	2.1	0.37	0.25	True	False
馬超	18dcf604ab01ce35.png	2.1	0.37	0.34	True	False
馬遵	99d5a1744188d145.png	2.1	0.37	0.20	True	False
馬邈	ac6e9336348ce2c2.png	2.1	0.37	0.40	True	False
馬鈞	d5eaee0e14114e21.png	2.1	0.37	0.35	True	False
馬鉄	a26f6b98ce6ddda2.png	2.1	0.37	0.34	True	False
馬隆	3589f128a914a9d8.png	2.1	0.37	0.42	True	False
馬雲騄	065ab61c054a2abb.png	2.1	0.37	0.28	True	False
馬騰	488613a15d56ae68.png	2.1	0.37	0.28	True	False
馮楷	4d98c27efe2f7a95.png	2.1	0.37	0.36	True	False
馮氏	a28784a02aac1469.png	2.1	0.37	0.38	True	False
馮習	b206eb9523f139d2.png	2.1	0.37	0.36	True	False
駱統	1bd4c48e3901253e.png	2.1	0.37	0.30	True	False
高堂隆	eb9addf5ebc12269.png	2.1	0.37	0.41	True	False
高定	ae004a54347aec8c.png	2.1	0.37	0.38	True	False
高幹	7d1cbc31efa1c563.png	2.1	0.37	0.47	True	False
高昇	7833cab86bb443d0.png	2.1	0.37	0.49	True	False
高柔	fb2d23825c3fa0fe.png	2.1	0.37	0.42	True	False
高沛	27ce548dfed74079.png	2.1	0.37	0.38	True	False
高翔	af7954b15a6632da.png	2.1	0.37	0.42	True	False
高蕃	c89638db3c2b281f.png	2.1	0.37	0.32	True	False
高覧	95efdff85c5993a7.png	2.1	0.37	0.42	True	False
高順	6f49c41bc14463b6.png	2.1	0.37	0.19	True	False
魏延	3645878e3dcc0530.png	2.1	0.37	0.48	True	False
魏攸	ab794cf492588513.png	2.1	0.37	0.30	True	False
魏続	b4fb8ced386f1511.png	2.1	0.37	0.45	True	False
魏諷	2a8cf6386019d78f.png	2.1	0.37	0.27	True	False
魏越	cc032bca64bee534.png	2.1	0.37	0.41	True	False
魏邈	e75bc4d84422798c.png	2.1	0.37	0.42	True	False
魯淑	b824812c0243478e.png	2.1	0.37	0.34	True	False
魯粛	3dd573956cb74f6a.png	2.1	0.37	0.45	True	False
鮑三娘	dd9b6c1399db4298.png	2.1	0.37	0.32	True	False
鮑信	914df19673e1b259.png	2.1	0.37	0.31	True	False
鮑勛	280db0f1372b6665.png	2.1	0.37	0.33	True	False
鮑隆	0ac019d945e2f69f.png	2.1	0.37	0.39	True	False
鮑韜	9d3ffcf2a30e7aa4.png	2.1	0.37	0.34	True	False
鮮于丹	aa90956822a59c6a.png	2.1	0.37	0.32	True	False
鮮于輔	1bd7d4e8cf78e9d9.png	2.1	0.37	0.37	True	False
麹演	042b382274197773.png	2.1	0.37	0.34	True	False
麹義	6b4c63d9c1378a4c.png	2.1	0.37	0.40	True	False
黄乱	636f0e91339a8195.png	2.1	0.37	0.37	True	False
黄射	8a8a402ba8a9bb05.png	2.1	0.37	0.34	True	False
黄崇	f1b28c7d871c93f0.png	2.1	0.37	0.32	True	False
黄忠	739768cfbf5947fa.png	2.1	0.37	0.40	True	False
黄月英	40bce25ac958f7ca.png	2.1	0.37	0.17	True	False
黄権	abd75b7e125269ef.png	2.1	0.37	0.29	True	False
黄琬	d3354ad4136e8a24.png	2.1	0.37	0.34	True	False
黄皓	2bdfeb5918a09787.png	2.1	0.37	0.32	True	False
黄祖	3e06e2d02f4706f5.png	2.1	0.37	0.36	True	False
黄蓋	6f5fe31b7df3f227.png	2.1	0.37	0.31	True	False
龐会	b13e7f72eb781462.png	2.1	0.37	0.39	True	False
龐徳	a57f979a973ccc10.png	2.1	0.37	0.41	True	False
龐林	5d68389e78151bd4.png	2.1	0.37	0.31	True	False
龐淯	57975ca599c8a18b.png	2.1	0.37	0.30	True	False
龐統	67ad11db5aaebc04.png	2.1	0.37	0.41	True	False
龐羲	68c6532ffd62ba72.png	2.1	0.37	0.37	True	False
龔都	747c17a82803adc5.png	2.1	0.37	0.25	True	False
